LGA,Total cases,Date
Salisbury (C),3200,2022-01-06
Salisbury (C),2849,2022-01-05
Salisbury (C),2407,2022-01-04
Salisbury (C),2056,2022-01-03
Salisbury (C),1715,2022-01-02
Salisbury (C),1414,2022-01-01
Salisbury (C),1142,2021-12-31
Salisbury (C),927,2021-12-30
Salisbury (C),726,2021-12-29
Salisbury (C),588,2021-12-28
Salisbury (C),468,2021-12-27
Salisbury (C),379,2021-12-26
Salisbury (C),293,2021-12-25
Salisbury (C),236,2021-12-24
Salisbury (C),179,2021-12-23
Salisbury (C),149,2021-12-22
Salisbury (C),131,2021-12-21
Salisbury (C),118,2021-12-20
Port Adelaide Enfield (C),2599,2022-01-06
Port Adelaide Enfield (C),2322,2022-01-05
Port Adelaide Enfield (C),2005,2022-01-04
Port Adelaide Enfield (C),1699,2022-01-03
Port Adelaide Enfield (C),1446,2022-01-02
Port Adelaide Enfield (C),1190,2022-01-01
Port Adelaide Enfield (C),1002,2021-12-31
Port Adelaide Enfield (C),806,2021-12-30
Port Adelaide Enfield (C),675,2021-12-29
Port Adelaide Enfield (C),524,2021-12-28
Port Adelaide Enfield (C),450,2021-12-27
Port Adelaide Enfield (C),364,2021-12-26
Port Adelaide Enfield (C),294,2021-12-25
Port Adelaide Enfield (C),235,2021-12-24
Port Adelaide Enfield (C),151,2021-12-23
Port Adelaide Enfield (C),122,2021-12-22
Port Adelaide Enfield (C),91,2021-12-21
Port Adelaide Enfield (C),83,2021-12-20
Charles Sturt (C),2396,2022-01-06
Charles Sturt (C),2135,2022-01-05
Charles Sturt (C),1819,2022-01-04
Charles Sturt (C),1538,2022-01-03
Charles Sturt (C),1319,2022-01-02
Charles Sturt (C),1152,2022-01-01
Charles Sturt (C),983,2021-12-31
Charles Sturt (C),800,2021-12-30
Charles Sturt (C),675,2021-12-29
Charles Sturt (C),547,2021-12-28
Charles Sturt (C),443,2021-12-27
Charles Sturt (C),355,2021-12-26
Charles Sturt (C),274,2021-12-25
Charles Sturt (C),206,2021-12-24
Charles Sturt (C),145,2021-12-23
Charles Sturt (C),113,2021-12-22
Charles Sturt (C),93,2021-12-21
Charles Sturt (C),77,2021-12-20
Adelaide (C),2562,2022-01-06
Adelaide (C),2308,2022-01-05
Adelaide (C),2029,2022-01-04
Adelaide (C),1763,2022-01-03
Adelaide (C),1604,2022-01-02
Adelaide (C),1443,2022-01-01
Adelaide (C),1301,2021-12-31
Adelaide (C),1176,2021-12-30
Adelaide (C),1080,2021-12-29
Adelaide (C),970,2021-12-28
Adelaide (C),889,2021-12-27
Adelaide (C),806,2021-12-26
Adelaide (C),744,2021-12-25
Adelaide (C),705,2021-12-24
Adelaide (C),627,2021-12-23
Adelaide (C),582,2021-12-22
Adelaide (C),555,2021-12-21
Adelaide (C),536,2021-12-20
Playford (C),2238,2022-01-06
Playford (C),2045,2022-01-05
Playford (C),1851,2022-01-04
Playford (C),1571,2022-01-03
Playford (C),1421,2022-01-02
Playford (C),1210,2022-01-01
Playford (C),1021,2021-12-31
Playford (C),826,2021-12-30
Playford (C),703,2021-12-29
Playford (C),577,2021-12-28
Playford (C),461,2021-12-27
Playford (C),403,2021-12-26
Playford (C),313,2021-12-25
Playford (C),229,2021-12-24
Playford (C),149,2021-12-23
Playford (C),96,2021-12-22
Playford (C),72,2021-12-21
Playford (C),51,2021-12-20
Onkaparinga (C),1737,2022-01-06
Onkaparinga (C),1557,2022-01-05
Onkaparinga (C),1369,2022-01-04
Onkaparinga (C),1166,2022-01-03
Onkaparinga (C),952,2022-01-02
Onkaparinga (C),793,2022-01-01
Onkaparinga (C),680,2021-12-31
Onkaparinga (C),529,2021-12-30
Onkaparinga (C),433,2021-12-29
Onkaparinga (C),305,2021-12-28
Onkaparinga (C),239,2021-12-27
Onkaparinga (C),185,2021-12-26
Onkaparinga (C),134,2021-12-25
Onkaparinga (C),108,2021-12-24
Onkaparinga (C),77,2021-12-23
Onkaparinga (C),69,2021-12-22
Onkaparinga (C),60,2021-12-21
Onkaparinga (C),59,2021-12-20
Marion (C),1426,2022-01-06
Marion (C),1263,2022-01-05
Marion (C),1100,2022-01-04
Marion (C),952,2022-01-03
Marion (C),810,2022-01-02
Marion (C),691,2022-01-01
Marion (C),593,2021-12-31
Marion (C),485,2021-12-30
Marion (C),407,2021-12-29
Marion (C),319,2021-12-28
Marion (C),247,2021-12-27
Marion (C),199,2021-12-26
Marion (C),150,2021-12-25
Marion (C),115,2021-12-24
Marion (C),80,2021-12-23
Marion (C),67,2021-12-22
Marion (C),55,2021-12-21
Marion (C),49,2021-12-20
West Torrens (C),1175,2022-01-06
West Torrens (C),1026,2022-01-05
West Torrens (C),881,2022-01-04
West Torrens (C),755,2022-01-03
West Torrens (C),595,2022-01-02
West Torrens (C),525,2022-01-01
West Torrens (C),444,2021-12-31
West Torrens (C),340,2021-12-30
West Torrens (C),283,2021-12-29
West Torrens (C),232,2021-12-28
West Torrens (C),200,2021-12-27
West Torrens (C),166,2021-12-26
West Torrens (C),144,2021-12-25
West Torrens (C),109,2021-12-24
West Torrens (C),84,2021-12-23
West Torrens (C),55,2021-12-22
West Torrens (C),40,2021-12-21
West Torrens (C),36,2021-12-20
Tea Tree Gully (C),1435,2022-01-06
Tea Tree Gully (C),1294,2022-01-05
Tea Tree Gully (C),1111,2022-01-04
Tea Tree Gully (C),961,2022-01-03
Tea Tree Gully (C),798,2022-01-02
Tea Tree Gully (C),651,2022-01-01
Tea Tree Gully (C),517,2021-12-31
Tea Tree Gully (C),413,2021-12-30
Tea Tree Gully (C),350,2021-12-29
Tea Tree Gully (C),276,2021-12-28
Tea Tree Gully (C),233,2021-12-27
Tea Tree Gully (C),186,2021-12-26
Tea Tree Gully (C),146,2021-12-25
Tea Tree Gully (C),120,2021-12-24
Tea Tree Gully (C),76,2021-12-23
Tea Tree Gully (C),60,2021-12-22
Tea Tree Gully (C),45,2021-12-21
Tea Tree Gully (C),43,2021-12-20
Campbelltown (C) (SA),1251,2022-01-06
Campbelltown (C) (SA),1138,2022-01-05
Campbelltown (C) (SA),1020,2022-01-04
Campbelltown (C) (SA),939,2022-01-03
Campbelltown (C) (SA),811,2022-01-02
Campbelltown (C) (SA),700,2022-01-01
Campbelltown (C) (SA),602,2021-12-31
Campbelltown (C) (SA),493,2021-12-30
Campbelltown (C) (SA),391,2021-12-29
Campbelltown (C) (SA),308,2021-12-28
Campbelltown (C) (SA),262,2021-12-27
Campbelltown (C) (SA),216,2021-12-26
Campbelltown (C) (SA),160,2021-12-25
Campbelltown (C) (SA),116,2021-12-24
Campbelltown (C) (SA),74,2021-12-23
Campbelltown (C) (SA),51,2021-12-22
Campbelltown (C) (SA),41,2021-12-21
Campbelltown (C) (SA),39,2021-12-20
Holdfast Bay (C),706,2022-01-06
Holdfast Bay (C),617,2022-01-05
Holdfast Bay (C),513,2022-01-04
Holdfast Bay (C),442,2022-01-03
Holdfast Bay (C),373,2022-01-02
Holdfast Bay (C),324,2022-01-01
Holdfast Bay (C),275,2021-12-31
Holdfast Bay (C),220,2021-12-30
Holdfast Bay (C),175,2021-12-29
Holdfast Bay (C),134,2021-12-28
Holdfast Bay (C),108,2021-12-27
Holdfast Bay (C),83,2021-12-26
Holdfast Bay (C),64,2021-12-25
Holdfast Bay (C),52,2021-12-24
Holdfast Bay (C),34,2021-12-23
Holdfast Bay (C),28,2021-12-22
Holdfast Bay (C),22,2021-12-21
Holdfast Bay (C),20,2021-12-20
Mitcham (C),923,2022-01-06
Mitcham (C),840,2022-01-05
Mitcham (C),719,2022-01-04
Mitcham (C),622,2022-01-03
Mitcham (C),548,2022-01-02
Mitcham (C),463,2022-01-01
Mitcham (C),381,2021-12-31
Mitcham (C),297,2021-12-30
Mitcham (C),255,2021-12-29
Mitcham (C),189,2021-12-28
Mitcham (C),156,2021-12-27
Mitcham (C),125,2021-12-26
Mitcham (C),108,2021-12-25
Mitcham (C),86,2021-12-24
Mitcham (C),71,2021-12-23
Mitcham (C),58,2021-12-22
Mitcham (C),54,2021-12-21
Mitcham (C),51,2021-12-20
Burnside (C),740,2022-01-06
Burnside (C),658,2022-01-05
Burnside (C),583,2022-01-04
Burnside (C),518,2022-01-03
Burnside (C),467,2022-01-02
Burnside (C),407,2022-01-01
Burnside (C),354,2021-12-31
Burnside (C),292,2021-12-30
Burnside (C),250,2021-12-29
Burnside (C),201,2021-12-28
Burnside (C),180,2021-12-27
Burnside (C),150,2021-12-26
Burnside (C),126,2021-12-25
Burnside (C),97,2021-12-24
Burnside (C),59,2021-12-23
Burnside (C),41,2021-12-22
Burnside (C),33,2021-12-21
Burnside (C),30,2021-12-20
Murray Bridge (RC),257,2022-01-06
Murray Bridge (RC),176,2022-01-05
Murray Bridge (RC),162,2022-01-04
Murray Bridge (RC),102,2022-01-03
Murray Bridge (RC),84,2022-01-02
Murray Bridge (RC),63,2022-01-01
Murray Bridge (RC),50,2021-12-31
Murray Bridge (RC),39,2021-12-30
Murray Bridge (RC),30,2021-12-29
Murray Bridge (RC),22,2021-12-28
Murray Bridge (RC),18,2021-12-27
Murray Bridge (RC),12,2021-12-26
Murray Bridge (RC),8,2021-12-25
Murray Bridge (RC),5,2021-12-24
Murray Bridge (RC),1,2021-12-23
Murray Bridge (RC),1,2021-12-22
Murray Bridge (RC),1,2021-12-21
Murray Bridge (RC),1,2021-12-20
Unley (C),676,2022-01-06
Unley (C),605,2022-01-05
Unley (C),524,2022-01-04
Unley (C),456,2022-01-03
Unley (C),402,2022-01-02
Unley (C),344,2022-01-01
Unley (C),278,2021-12-31
Unley (C),213,2021-12-30
Unley (C),178,2021-12-29
Unley (C),143,2021-12-28
Unley (C),116,2021-12-27
Unley (C),98,2021-12-26
Unley (C),86,2021-12-25
Unley (C),64,2021-12-24
Unley (C),39,2021-12-23
Unley (C),28,2021-12-22
Unley (C),22,2021-12-21
Unley (C),19,2021-12-20
Norwood Payneham St Peters (C),713,2022-01-06
Norwood Payneham St Peters (C),643,2022-01-05
Norwood Payneham St Peters (C),552,2022-01-04
Norwood Payneham St Peters (C),475,2022-01-03
Norwood Payneham St Peters (C),433,2022-01-02
Norwood Payneham St Peters (C),357,2022-01-01
Norwood Payneham St Peters (C),316,2021-12-31
Norwood Payneham St Peters (C),274,2021-12-30
Norwood Payneham St Peters (C),230,2021-12-29
Norwood Payneham St Peters (C),180,2021-12-28
Norwood Payneham St Peters (C),157,2021-12-27
Norwood Payneham St Peters (C),132,2021-12-26
Norwood Payneham St Peters (C),114,2021-12-25
Norwood Payneham St Peters (C),82,2021-12-24
Norwood Payneham St Peters (C),53,2021-12-23
Norwood Payneham St Peters (C),32,2021-12-22
Norwood Payneham St Peters (C),23,2021-12-21
Norwood Payneham St Peters (C),20,2021-12-20
Prospect (C),480,2022-01-06
Prospect (C),427,2022-01-05
Prospect (C),374,2022-01-04
Prospect (C),310,2022-01-03
Prospect (C),276,2022-01-02
Prospect (C),223,2022-01-01
Prospect (C),187,2021-12-31
Prospect (C),144,2021-12-30
Prospect (C),122,2021-12-29
Prospect (C),99,2021-12-28
Prospect (C),83,2021-12-27
Prospect (C),74,2021-12-26
Prospect (C),58,2021-12-25
Prospect (C),44,2021-12-24
Prospect (C),30,2021-12-23
Prospect (C),19,2021-12-22
Prospect (C),14,2021-12-21
Prospect (C),12,2021-12-20
Adelaide Hills (DC),352,2022-01-06
Adelaide Hills (DC),307,2022-01-05
Adelaide Hills (DC),265,2022-01-04
Adelaide Hills (DC),225,2022-01-03
Adelaide Hills (DC),202,2022-01-02
Adelaide Hills (DC),176,2022-01-01
Adelaide Hills (DC),148,2021-12-31
Adelaide Hills (DC),118,2021-12-30
Adelaide Hills (DC),105,2021-12-29
Adelaide Hills (DC),91,2021-12-28
Adelaide Hills (DC),81,2021-12-27
Adelaide Hills (DC),65,2021-12-26
Adelaide Hills (DC),46,2021-12-25
Adelaide Hills (DC),41,2021-12-24
Adelaide Hills (DC),25,2021-12-23
Adelaide Hills (DC),21,2021-12-22
Adelaide Hills (DC),18,2021-12-21
Adelaide Hills (DC),17,2021-12-20
Naracoorte and Lucindale (DC),126,2022-01-06
Naracoorte and Lucindale (DC),86,2022-01-05
Naracoorte and Lucindale (DC),36,2022-01-04
Naracoorte and Lucindale (DC),19,2022-01-03
Naracoorte and Lucindale (DC),14,2022-01-02
Naracoorte and Lucindale (DC),12,2022-01-01
Naracoorte and Lucindale (DC),9,2021-12-31
Naracoorte and Lucindale (DC),6,2021-12-30
Naracoorte and Lucindale (DC),5,2021-12-29
Naracoorte and Lucindale (DC),4,2021-12-28
Naracoorte and Lucindale (DC),4,2021-12-27
Naracoorte and Lucindale (DC),4,2021-12-26
Naracoorte and Lucindale (DC),2,2021-12-25
Naracoorte and Lucindale (DC),2,2021-12-24
Naracoorte and Lucindale (DC),2,2021-12-23
Naracoorte and Lucindale (DC),1,2021-12-22
Naracoorte and Lucindale (DC),1,2021-12-21
Naracoorte and Lucindale (DC),0,2021-12-20
Mount Barker (DC),395,2022-01-06
Mount Barker (DC),357,2022-01-05
Mount Barker (DC),335,2022-01-04
Mount Barker (DC),271,2022-01-03
Mount Barker (DC),232,2022-01-02
Mount Barker (DC),189,2022-01-01
Mount Barker (DC),146,2021-12-31
Mount Barker (DC),116,2021-12-30
Mount Barker (DC),87,2021-12-29
Mount Barker (DC),65,2021-12-28
Mount Barker (DC),57,2021-12-27
Mount Barker (DC),41,2021-12-26
Mount Barker (DC),33,2021-12-25
Mount Barker (DC),27,2021-12-24
Mount Barker (DC),19,2021-12-23
Mount Barker (DC),14,2021-12-22
Mount Barker (DC),11,2021-12-21
Mount Barker (DC),10,2021-12-20
Gawler (T),267,2022-01-06
Gawler (T),232,2022-01-05
Gawler (T),179,2022-01-04
Gawler (T),132,2022-01-03
Gawler (T),116,2022-01-02
Gawler (T),85,2022-01-01
Gawler (T),59,2021-12-31
Gawler (T),46,2021-12-30
Gawler (T),36,2021-12-29
Gawler (T),27,2021-12-28
Gawler (T),26,2021-12-27
Gawler (T),25,2021-12-26
Gawler (T),18,2021-12-25
Gawler (T),17,2021-12-24
Gawler (T),10,2021-12-23
Gawler (T),9,2021-12-22
Gawler (T),9,2021-12-21
Gawler (T),9,2021-12-20
Alexandrina (DC),180,2022-01-06
Alexandrina (DC),152,2022-01-05
Alexandrina (DC),130,2022-01-04
Alexandrina (DC),104,2022-01-03
Alexandrina (DC),86,2022-01-02
Alexandrina (DC),77,2022-01-01
Alexandrina (DC),62,2021-12-31
Alexandrina (DC),46,2021-12-30
Alexandrina (DC),35,2021-12-29
Alexandrina (DC),28,2021-12-28
Alexandrina (DC),21,2021-12-27
Alexandrina (DC),17,2021-12-26
Alexandrina (DC),13,2021-12-25
Alexandrina (DC),11,2021-12-24
Alexandrina (DC),8,2021-12-23
Alexandrina (DC),6,2021-12-22
Alexandrina (DC),6,2021-12-21
Alexandrina (DC),6,2021-12-20
Victor Harbor (C),79,2022-01-06
Victor Harbor (C),57,2022-01-05
Victor Harbor (C),45,2022-01-04
Victor Harbor (C),34,2022-01-03
Victor Harbor (C),33,2022-01-02
Victor Harbor (C),27,2022-01-01
Victor Harbor (C),25,2021-12-31
Victor Harbor (C),23,2021-12-30
Victor Harbor (C),21,2021-12-29
Victor Harbor (C),19,2021-12-28
Victor Harbor (C),19,2021-12-27
Victor Harbor (C),16,2021-12-26
Victor Harbor (C),16,2021-12-25
Victor Harbor (C),15,2021-12-24
Victor Harbor (C),13,2021-12-23
Victor Harbor (C),9,2021-12-22
Victor Harbor (C),8,2021-12-21
Victor Harbor (C),8,2021-12-20
Walkerville (M),184,2022-01-06
Walkerville (M),165,2022-01-05
Walkerville (M),145,2022-01-04
Walkerville (M),114,2022-01-03
Walkerville (M),106,2022-01-02
Walkerville (M),89,2022-01-01
Walkerville (M),82,2021-12-31
Walkerville (M),70,2021-12-30
Walkerville (M),63,2021-12-29
Walkerville (M),57,2021-12-28
Walkerville (M),48,2021-12-27
Walkerville (M),41,2021-12-26
Walkerville (M),38,2021-12-25
Walkerville (M),33,2021-12-24
Walkerville (M),22,2021-12-23
Walkerville (M),16,2021-12-22
Walkerville (M),13,2021-12-21
Walkerville (M),12,2021-12-20
Grant (DC),89,2022-01-06
Grant (DC),70,2022-01-05
Grant (DC),38,2022-01-04
Grant (DC),24,2022-01-03
Grant (DC),21,2022-01-02
Grant (DC),20,2022-01-01
Grant (DC),15,2021-12-31
Grant (DC),9,2021-12-30
Grant (DC),5,2021-12-29
Grant (DC),4,2021-12-28
Grant (DC),2,2021-12-27
Grant (DC),2,2021-12-26
Grant (DC),2,2021-12-25
Grant (DC),2,2021-12-24
Grant (DC),1,2021-12-23
Grant (DC),0,2021-12-22
Grant (DC),0,2021-12-21
Grant (DC),0,2021-12-20
Barossa (DC),192,2022-01-06
Barossa (DC),174,2022-01-05
Barossa (DC),145,2022-01-04
Barossa (DC),121,2022-01-03
Barossa (DC),110,2022-01-02
Barossa (DC),97,2022-01-01
Barossa (DC),85,2021-12-31
Barossa (DC),69,2021-12-30
Barossa (DC),56,2021-12-29
Barossa (DC),49,2021-12-28
Barossa (DC),46,2021-12-27
Barossa (DC),42,2021-12-26
Barossa (DC),37,2021-12-25
Barossa (DC),34,2021-12-24
Barossa (DC),22,2021-12-23
Barossa (DC),17,2021-12-22
Barossa (DC),16,2021-12-21
Barossa (DC),16,2021-12-20
Mount Gambier (C),139,2022-01-06
Mount Gambier (C),123,2022-01-05
Mount Gambier (C),77,2022-01-04
Mount Gambier (C),53,2022-01-03
Mount Gambier (C),33,2022-01-02
Mount Gambier (C),31,2022-01-01
Mount Gambier (C),23,2021-12-31
Mount Gambier (C),14,2021-12-30
Mount Gambier (C),14,2021-12-29
Mount Gambier (C),12,2021-12-28
Mount Gambier (C),10,2021-12-27
Mount Gambier (C),8,2021-12-26
Mount Gambier (C),7,2021-12-25
Mount Gambier (C),6,2021-12-24
Mount Gambier (C),5,2021-12-23
Mount Gambier (C),4,2021-12-22
Mount Gambier (C),4,2021-12-21
Mount Gambier (C),4,2021-12-20
Port Augusta (C),61,2022-01-06
Port Augusta (C),45,2022-01-05
Port Augusta (C),38,2022-01-04
Port Augusta (C),28,2022-01-03
Port Augusta (C),18,2022-01-02
Port Augusta (C),13,2022-01-01
Port Augusta (C),5,2021-12-31
Port Augusta (C),4,2021-12-30
Port Augusta (C),2,2021-12-29
Port Augusta (C),2,2021-12-28
Port Augusta (C),2,2021-12-27
Port Augusta (C),2,2021-12-26
Port Augusta (C),2,2021-12-25
Port Augusta (C),2,2021-12-24
Port Augusta (C),2,2021-12-23
Port Augusta (C),2,2021-12-22
Port Augusta (C),2,2021-12-21
Port Augusta (C),2,2021-12-20
Yorke Peninsula (DC),65,2022-01-06
Yorke Peninsula (DC),52,2022-01-05
Yorke Peninsula (DC),34,2022-01-04
Yorke Peninsula (DC),26,2022-01-03
Yorke Peninsula (DC),22,2022-01-02
Yorke Peninsula (DC),10,2022-01-01
Yorke Peninsula (DC),6,2021-12-31
Yorke Peninsula (DC),4,2021-12-30
Yorke Peninsula (DC),4,2021-12-29
Yorke Peninsula (DC),3,2021-12-28
Yorke Peninsula (DC),3,2021-12-27
Yorke Peninsula (DC),3,2021-12-26
Yorke Peninsula (DC),3,2021-12-25
Yorke Peninsula (DC),2,2021-12-24
Yorke Peninsula (DC),2,2021-12-23
Yorke Peninsula (DC),2,2021-12-22
Yorke Peninsula (DC),2,2021-12-21
Yorke Peninsula (DC),2,2021-12-20
Port Lincoln (C),66,2022-01-06
Port Lincoln (C),55,2022-01-05
Port Lincoln (C),34,2022-01-04
Port Lincoln (C),25,2022-01-03
Port Lincoln (C),21,2022-01-02
Port Lincoln (C),14,2022-01-01
Port Lincoln (C),11,2021-12-31
Port Lincoln (C),11,2021-12-30
Port Lincoln (C),8,2021-12-29
Port Lincoln (C),7,2021-12-28
Port Lincoln (C),7,2021-12-27
Port Lincoln (C),2,2021-12-26
Port Lincoln (C),2,2021-12-25
Port Lincoln (C),2,2021-12-24
Port Lincoln (C),1,2021-12-23
Port Lincoln (C),1,2021-12-22
Port Lincoln (C),1,2021-12-21
Port Lincoln (C),1,2021-12-20
Kangaroo Island (DC),34,2022-01-06
Kangaroo Island (DC),23,2022-01-05
Kangaroo Island (DC),23,2022-01-04
Kangaroo Island (DC),19,2022-01-03
Kangaroo Island (DC),19,2022-01-02
Kangaroo Island (DC),18,2022-01-01
Kangaroo Island (DC),15,2021-12-31
Kangaroo Island (DC),14,2021-12-30
Kangaroo Island (DC),11,2021-12-29
Kangaroo Island (DC),11,2021-12-28
Kangaroo Island (DC),11,2021-12-27
Kangaroo Island (DC),11,2021-12-26
Kangaroo Island (DC),7,2021-12-25
Kangaroo Island (DC),6,2021-12-24
Kangaroo Island (DC),3,2021-12-23
Kangaroo Island (DC),3,2021-12-22
Kangaroo Island (DC),3,2021-12-21
Kangaroo Island (DC),3,2021-12-20
Light (RegC),110,2022-01-06
Light (RegC),100,2022-01-05
Light (RegC),78,2022-01-04
Light (RegC),58,2022-01-03
Light (RegC),53,2022-01-02
Light (RegC),41,2022-01-01
Light (RegC),29,2021-12-31
Light (RegC),19,2021-12-30
Light (RegC),15,2021-12-29
Light (RegC),9,2021-12-28
Light (RegC),9,2021-12-27
Light (RegC),6,2021-12-26
Light (RegC),6,2021-12-25
Light (RegC),5,2021-12-24
Light (RegC),5,2021-12-23
Light (RegC),4,2021-12-22
Light (RegC),3,2021-12-21
Light (RegC),3,2021-12-20
Robe (DC),93,2022-01-06
Robe (DC),84,2022-01-05
Robe (DC),31,2022-01-04
Robe (DC),8,2022-01-03
Robe (DC),1,2022-01-02
Robe (DC),1,2022-01-01
Robe (DC),1,2021-12-31
Robe (DC),1,2021-12-30
Robe (DC),1,2021-12-29
Robe (DC),0,2021-12-28
Robe (DC),0,2021-12-27
Robe (DC),0,2021-12-26
Robe (DC),0,2021-12-25
Robe (DC),0,2021-12-24
Robe (DC),0,2021-12-23
Robe (DC),0,2021-12-22
Robe (DC),0,2021-12-21
Robe (DC),0,2021-12-20
Port Pirie City and Dists (M),57,2022-01-06
Port Pirie City and Dists (M),48,2022-01-05
Port Pirie City and Dists (M),42,2022-01-04
Port Pirie City and Dists (M),34,2022-01-03
Port Pirie City and Dists (M),23,2022-01-02
Port Pirie City and Dists (M),21,2022-01-01
Port Pirie City and Dists (M),9,2021-12-31
Port Pirie City and Dists (M),5,2021-12-30
Port Pirie City and Dists (M),2,2021-12-29
Port Pirie City and Dists (M),1,2021-12-28
Port Pirie City and Dists (M),1,2021-12-27
Port Pirie City and Dists (M),1,2021-12-26
Port Pirie City and Dists (M),1,2021-12-25
Port Pirie City and Dists (M),1,2021-12-24
Port Pirie City and Dists (M),1,2021-12-23
Port Pirie City and Dists (M),1,2021-12-22
Port Pirie City and Dists (M),1,2021-12-21
Port Pirie City and Dists (M),1,2021-12-20
Kingston (DC) (SA),36,2022-01-06
Kingston (DC) (SA),27,2022-01-05
Kingston (DC) (SA),10,2022-01-04
Kingston (DC) (SA),5,2022-01-03
Kingston (DC) (SA),3,2022-01-02
Kingston (DC) (SA),1,2022-01-01
Kingston (DC) (SA),1,2021-12-31
Kingston (DC) (SA),1,2021-12-30
Kingston (DC) (SA),1,2021-12-29
Kingston (DC) (SA),1,2021-12-28
Kingston (DC) (SA),1,2021-12-27
Kingston (DC) (SA),1,2021-12-26
Kingston (DC) (SA),1,2021-12-25
Kingston (DC) (SA),1,2021-12-24
Kingston (DC) (SA),1,2021-12-23
Kingston (DC) (SA),1,2021-12-22
Kingston (DC) (SA),1,2021-12-21
Kingston (DC) (SA),1,2021-12-20
Wattle Range (DC),72,2022-01-06
Wattle Range (DC),64,2022-01-05
Wattle Range (DC),35,2022-01-04
Wattle Range (DC),14,2022-01-03
Wattle Range (DC),7,2022-01-02
Wattle Range (DC),6,2022-01-01
Wattle Range (DC),5,2021-12-31
Wattle Range (DC),5,2021-12-30
Wattle Range (DC),4,2021-12-29
Wattle Range (DC),4,2021-12-28
Wattle Range (DC),4,2021-12-27
Wattle Range (DC),4,2021-12-26
Wattle Range (DC),4,2021-12-25
Wattle Range (DC),4,2021-12-24
Wattle Range (DC),4,2021-12-23
Wattle Range (DC),2,2021-12-22
Wattle Range (DC),2,2021-12-21
Wattle Range (DC),2,2021-12-20
Copper Coast (DC),62,2022-01-06
Copper Coast (DC),55,2022-01-05
Copper Coast (DC),41,2022-01-04
Copper Coast (DC),33,2022-01-03
Copper Coast (DC),28,2022-01-02
Copper Coast (DC),24,2022-01-01
Copper Coast (DC),15,2021-12-31
Copper Coast (DC),9,2021-12-30
Copper Coast (DC),7,2021-12-29
Copper Coast (DC),6,2021-12-28
Copper Coast (DC),6,2021-12-27
Copper Coast (DC),6,2021-12-26
Copper Coast (DC),6,2021-12-25
Copper Coast (DC),5,2021-12-24
Copper Coast (DC),5,2021-12-23
Copper Coast (DC),5,2021-12-22
Copper Coast (DC),5,2021-12-21
Copper Coast (DC),5,2021-12-20
Renmark Paringa (DC),47,2022-01-06
Renmark Paringa (DC),40,2022-01-05
Renmark Paringa (DC),31,2022-01-04
Renmark Paringa (DC),28,2022-01-03
Renmark Paringa (DC),28,2022-01-02
Renmark Paringa (DC),18,2022-01-01
Renmark Paringa (DC),13,2021-12-31
Renmark Paringa (DC),7,2021-12-30
Renmark Paringa (DC),7,2021-12-29
Renmark Paringa (DC),6,2021-12-28
Renmark Paringa (DC),6,2021-12-27
Renmark Paringa (DC),6,2021-12-26
Renmark Paringa (DC),6,2021-12-25
Renmark Paringa (DC),6,2021-12-24
Renmark Paringa (DC),4,2021-12-23
Renmark Paringa (DC),4,2021-12-22
Renmark Paringa (DC),4,2021-12-21
Renmark Paringa (DC),4,2021-12-20
Tatiara (DC),45,2022-01-06
Tatiara (DC),39,2022-01-05
Tatiara (DC),17,2022-01-04
Tatiara (DC),11,2022-01-03
Tatiara (DC),8,2022-01-02
Tatiara (DC),7,2022-01-01
Tatiara (DC),5,2021-12-31
Tatiara (DC),4,2021-12-30
Tatiara (DC),4,2021-12-29
Tatiara (DC),4,2021-12-28
Tatiara (DC),4,2021-12-27
Tatiara (DC),4,2021-12-26
Tatiara (DC),3,2021-12-25
Tatiara (DC),3,2021-12-24
Tatiara (DC),3,2021-12-23
Tatiara (DC),1,2021-12-22
Tatiara (DC),1,2021-12-21
Tatiara (DC),1,2021-12-20
Tumby Bay (DC),8,2022-01-06
Tumby Bay (DC),2,2022-01-05
Tumby Bay (DC),2,2022-01-04
Tumby Bay (DC),1,2022-01-03
Tumby Bay (DC),1,2022-01-02
Tumby Bay (DC),1,2022-01-01
Tumby Bay (DC),1,2021-12-31
Tumby Bay (DC),0,2021-12-30
Tumby Bay (DC),0,2021-12-29
Tumby Bay (DC),0,2021-12-28
Tumby Bay (DC),0,2021-12-27
Tumby Bay (DC),0,2021-12-26
Tumby Bay (DC),0,2021-12-25
Tumby Bay (DC),0,2021-12-24
Tumby Bay (DC),0,2021-12-23
Tumby Bay (DC),0,2021-12-22
Tumby Bay (DC),0,2021-12-21
Tumby Bay (DC),0,2021-12-20
Clare and Gilbert Valleys (DC),79,2022-01-06
Clare and Gilbert Valleys (DC),74,2022-01-05
Clare and Gilbert Valleys (DC),60,2022-01-04
Clare and Gilbert Valleys (DC),36,2022-01-03
Clare and Gilbert Valleys (DC),35,2022-01-02
Clare and Gilbert Valleys (DC),31,2022-01-01
Clare and Gilbert Valleys (DC),26,2021-12-31
Clare and Gilbert Valleys (DC),23,2021-12-30
Clare and Gilbert Valleys (DC),18,2021-12-29
Clare and Gilbert Valleys (DC),13,2021-12-28
Clare and Gilbert Valleys (DC),11,2021-12-27
Clare and Gilbert Valleys (DC),10,2021-12-26
Clare and Gilbert Valleys (DC),10,2021-12-25
Clare and Gilbert Valleys (DC),8,2021-12-24
Clare and Gilbert Valleys (DC),4,2021-12-23
Clare and Gilbert Valleys (DC),1,2021-12-22
Clare and Gilbert Valleys (DC),0,2021-12-21
Clare and Gilbert Valleys (DC),0,2021-12-20
Loxton Waikerie (DC),51,2022-01-06
Loxton Waikerie (DC),46,2022-01-05
Loxton Waikerie (DC),40,2022-01-04
Loxton Waikerie (DC),31,2022-01-03
Loxton Waikerie (DC),29,2022-01-02
Loxton Waikerie (DC),24,2022-01-01
Loxton Waikerie (DC),19,2021-12-31
Loxton Waikerie (DC),14,2021-12-30
Loxton Waikerie (DC),9,2021-12-29
Loxton Waikerie (DC),6,2021-12-28
Loxton Waikerie (DC),5,2021-12-27
Loxton Waikerie (DC),4,2021-12-26
Loxton Waikerie (DC),4,2021-12-25
Loxton Waikerie (DC),3,2021-12-24
Loxton Waikerie (DC),1,2021-12-23
Loxton Waikerie (DC),1,2021-12-22
Loxton Waikerie (DC),1,2021-12-21
Loxton Waikerie (DC),1,2021-12-20
Whyalla (C),46,2022-01-06
Whyalla (C),41,2022-01-05
Whyalla (C),32,2022-01-04
Whyalla (C),23,2022-01-03
Whyalla (C),21,2022-01-02
Whyalla (C),19,2022-01-01
Whyalla (C),17,2021-12-31
Whyalla (C),13,2021-12-30
Whyalla (C),8,2021-12-29
Whyalla (C),6,2021-12-28
Whyalla (C),5,2021-12-27
Whyalla (C),5,2021-12-26
Whyalla (C),5,2021-12-25
Whyalla (C),5,2021-12-24
Whyalla (C),5,2021-12-23
Whyalla (C),5,2021-12-22
Whyalla (C),5,2021-12-21
Whyalla (C),5,2021-12-20
Wakefield (DC),27,2022-01-06
Wakefield (DC),22,2022-01-05
Wakefield (DC),21,2022-01-04
Wakefield (DC),20,2022-01-03
Wakefield (DC),18,2022-01-02
Wakefield (DC),17,2022-01-01
Wakefield (DC),14,2021-12-31
Wakefield (DC),12,2021-12-30
Wakefield (DC),8,2021-12-29
Wakefield (DC),8,2021-12-28
Wakefield (DC),7,2021-12-27
Wakefield (DC),7,2021-12-26
Wakefield (DC),4,2021-12-25
Wakefield (DC),3,2021-12-24
Wakefield (DC),1,2021-12-23
Wakefield (DC),1,2021-12-22
Wakefield (DC),1,2021-12-21
Wakefield (DC),1,2021-12-20
Yankalilla (DC),21,2022-01-06
Yankalilla (DC),16,2022-01-05
Yankalilla (DC),14,2022-01-04
Yankalilla (DC),11,2022-01-03
Yankalilla (DC),11,2022-01-02
Yankalilla (DC),8,2022-01-01
Yankalilla (DC),6,2021-12-31
Yankalilla (DC),5,2021-12-30
Yankalilla (DC),3,2021-12-29
Yankalilla (DC),3,2021-12-28
Yankalilla (DC),2,2021-12-27
Yankalilla (DC),2,2021-12-26
Yankalilla (DC),2,2021-12-25
Yankalilla (DC),1,2021-12-24
Yankalilla (DC),1,2021-12-23
Yankalilla (DC),0,2021-12-22
Yankalilla (DC),0,2021-12-21
Yankalilla (DC),0,2021-12-20
Lower Eyre Peninsula (DC),14,2022-01-06
Lower Eyre Peninsula (DC),9,2022-01-05
Lower Eyre Peninsula (DC),8,2022-01-04
Lower Eyre Peninsula (DC),7,2022-01-03
Lower Eyre Peninsula (DC),7,2022-01-02
Lower Eyre Peninsula (DC),5,2022-01-01
Lower Eyre Peninsula (DC),3,2021-12-31
Lower Eyre Peninsula (DC),3,2021-12-30
Lower Eyre Peninsula (DC),1,2021-12-29
Lower Eyre Peninsula (DC),1,2021-12-28
Lower Eyre Peninsula (DC),1,2021-12-27
Lower Eyre Peninsula (DC),1,2021-12-26
Lower Eyre Peninsula (DC),1,2021-12-25
Lower Eyre Peninsula (DC),0,2021-12-24
Lower Eyre Peninsula (DC),0,2021-12-23
Lower Eyre Peninsula (DC),0,2021-12-22
Lower Eyre Peninsula (DC),0,2021-12-21
Lower Eyre Peninsula (DC),0,2021-12-20
Southern Mallee (DC),24,2022-01-06
Southern Mallee (DC),20,2022-01-05
Southern Mallee (DC),14,2022-01-04
Southern Mallee (DC),7,2022-01-03
Southern Mallee (DC),7,2022-01-02
Southern Mallee (DC),5,2022-01-01
Southern Mallee (DC),5,2021-12-31
Southern Mallee (DC),4,2021-12-30
Southern Mallee (DC),3,2021-12-29
Southern Mallee (DC),2,2021-12-28
Southern Mallee (DC),2,2021-12-27
Southern Mallee (DC),2,2021-12-26
Southern Mallee (DC),2,2021-12-25
Southern Mallee (DC),2,2021-12-24
Southern Mallee (DC),0,2021-12-23
Southern Mallee (DC),0,2021-12-22
Southern Mallee (DC),0,2021-12-21
Southern Mallee (DC),0,2021-12-20
Streaky Bay (DC),5,2022-01-06
Streaky Bay (DC),2,2022-01-05
Streaky Bay (DC),2,2022-01-04
Streaky Bay (DC),1,2022-01-03
Streaky Bay (DC),1,2022-01-02
Streaky Bay (DC),1,2022-01-01
Streaky Bay (DC),1,2021-12-31
Streaky Bay (DC),1,2021-12-30
Streaky Bay (DC),1,2021-12-29
Streaky Bay (DC),0,2021-12-28
Streaky Bay (DC),0,2021-12-27
Streaky Bay (DC),0,2021-12-26
Streaky Bay (DC),0,2021-12-25
Streaky Bay (DC),0,2021-12-24
Streaky Bay (DC),0,2021-12-23
Streaky Bay (DC),0,2021-12-22
Streaky Bay (DC),0,2021-12-21
Streaky Bay (DC),0,2021-12-20
The Coorong (DC),35,2022-01-06
The Coorong (DC),33,2022-01-05
The Coorong (DC),24,2022-01-04
The Coorong (DC),20,2022-01-03
The Coorong (DC),19,2022-01-02
The Coorong (DC),17,2022-01-01
The Coorong (DC),13,2021-12-31
The Coorong (DC),12,2021-12-30
The Coorong (DC),10,2021-12-29
The Coorong (DC),7,2021-12-28
The Coorong (DC),6,2021-12-27
The Coorong (DC),6,2021-12-26
The Coorong (DC),6,2021-12-25
The Coorong (DC),4,2021-12-24
The Coorong (DC),1,2021-12-23
The Coorong (DC),0,2021-12-22
The Coorong (DC),0,2021-12-21
The Coorong (DC),0,2021-12-20
Mid Murray (DC),19,2022-01-06
Mid Murray (DC),17,2022-01-05
Mid Murray (DC),14,2022-01-04
Mid Murray (DC),13,2022-01-03
Mid Murray (DC),12,2022-01-02
Mid Murray (DC),10,2022-01-01
Mid Murray (DC),10,2021-12-31
Mid Murray (DC),10,2021-12-30
Mid Murray (DC),9,2021-12-29
Mid Murray (DC),9,2021-12-28
Mid Murray (DC),7,2021-12-27
Mid Murray (DC),7,2021-12-26
Mid Murray (DC),7,2021-12-25
Mid Murray (DC),6,2021-12-24
Mid Murray (DC),6,2021-12-23
Mid Murray (DC),4,2021-12-22
Mid Murray (DC),4,2021-12-21
Mid Murray (DC),4,2021-12-20
Orroroo-Carrieton (DC),7,2022-01-06
Orroroo-Carrieton (DC),6,2022-01-05
Orroroo-Carrieton (DC),5,2022-01-04
Orroroo-Carrieton (DC),4,2022-01-03
Orroroo-Carrieton (DC),3,2022-01-02
Orroroo-Carrieton (DC),2,2022-01-01
Orroroo-Carrieton (DC),1,2021-12-31
Orroroo-Carrieton (DC),1,2021-12-30
Orroroo-Carrieton (DC),1,2021-12-29
Orroroo-Carrieton (DC),1,2021-12-28
Orroroo-Carrieton (DC),1,2021-12-27
Orroroo-Carrieton (DC),1,2021-12-26
Orroroo-Carrieton (DC),1,2021-12-25
Orroroo-Carrieton (DC),1,2021-12-24
Orroroo-Carrieton (DC),1,2021-12-23
Orroroo-Carrieton (DC),0,2021-12-22
Orroroo-Carrieton (DC),0,2021-12-21
Orroroo-Carrieton (DC),0,2021-12-20
Coober Pedy (DC),4,2022-01-06
Coober Pedy (DC),3,2022-01-05
Coober Pedy (DC),3,2022-01-04
Coober Pedy (DC),2,2022-01-03
Coober Pedy (DC),2,2022-01-02
Coober Pedy (DC),2,2022-01-01
Coober Pedy (DC),2,2021-12-31
Coober Pedy (DC),2,2021-12-30
Coober Pedy (DC),1,2021-12-29
Coober Pedy (DC),0,2021-12-28
Coober Pedy (DC),0,2021-12-27
Coober Pedy (DC),0,2021-12-26
Coober Pedy (DC),0,2021-12-25
Coober Pedy (DC),0,2021-12-24
Coober Pedy (DC),0,2021-12-23
Coober Pedy (DC),0,2021-12-22
Coober Pedy (DC),0,2021-12-21
Coober Pedy (DC),0,2021-12-20
Unincorporated SA,3,2022-01-06
Unincorporated SA,2,2022-01-05
Unincorporated SA,2,2022-01-04
Unincorporated SA,1,2022-01-03
Unincorporated SA,1,2022-01-02
Unincorporated SA,1,2022-01-01
Unincorporated SA,0,2021-12-31
Unincorporated SA,0,2021-12-30
Unincorporated SA,0,2021-12-29
Unincorporated SA,0,2021-12-28
Unincorporated SA,0,2021-12-27
Unincorporated SA,0,2021-12-26
Unincorporated SA,0,2021-12-25
Unincorporated SA,0,2021-12-24
Unincorporated SA,0,2021-12-23
Unincorporated SA,0,2021-12-22
Unincorporated SA,0,2021-12-21
Unincorporated SA,0,2021-12-20
Wudinna (DC),3,2022-01-06
Wudinna (DC),2,2022-01-05
Wudinna (DC),2,2022-01-04
Wudinna (DC),2,2022-01-03
Wudinna (DC),2,2022-01-02
Wudinna (DC),2,2022-01-01
Wudinna (DC),2,2021-12-31
Wudinna (DC),2,2021-12-30
Wudinna (DC),2,2021-12-29
Wudinna (DC),0,2021-12-28
Wudinna (DC),0,2021-12-27
Wudinna (DC),0,2021-12-26
Wudinna (DC),0,2021-12-25
Wudinna (DC),0,2021-12-24
Wudinna (DC),0,2021-12-23
Wudinna (DC),0,2021-12-22
Wudinna (DC),0,2021-12-21
Wudinna (DC),0,2021-12-20
Kimba (DC),2,2022-01-06
Kimba (DC),1,2022-01-05
Kimba (DC),1,2022-01-04
Kimba (DC),1,2022-01-03
Kimba (DC),1,2022-01-02
Kimba (DC),1,2022-01-01
Kimba (DC),1,2021-12-31
Kimba (DC),0,2021-12-30
Kimba (DC),0,2021-12-29
Kimba (DC),0,2021-12-28
Kimba (DC),0,2021-12-27
Kimba (DC),0,2021-12-26
Kimba (DC),0,2021-12-25
Kimba (DC),0,2021-12-24
Kimba (DC),0,2021-12-23
Kimba (DC),0,2021-12-22
Kimba (DC),0,2021-12-21
Kimba (DC),0,2021-12-20
Northern Areas (DC),16,2022-01-06
Northern Areas (DC),16,2022-01-05
Northern Areas (DC),15,2022-01-04
Northern Areas (DC),10,2022-01-03
Northern Areas (DC),10,2022-01-02
Northern Areas (DC),10,2022-01-01
Northern Areas (DC),10,2021-12-31
Northern Areas (DC),6,2021-12-30
Northern Areas (DC),5,2021-12-29
Northern Areas (DC),4,2021-12-28
Northern Areas (DC),4,2021-12-27
Northern Areas (DC),3,2021-12-26
Northern Areas (DC),2,2021-12-25
Northern Areas (DC),2,2021-12-24
Northern Areas (DC),1,2021-12-23
Northern Areas (DC),1,2021-12-22
Northern Areas (DC),0,2021-12-21
Northern Areas (DC),0,2021-12-20
Roxby Downs (M),16,2022-01-06
Roxby Downs (M),16,2022-01-05
Roxby Downs (M),12,2022-01-04
Roxby Downs (M),4,2022-01-03
Roxby Downs (M),4,2022-01-02
Roxby Downs (M),4,2022-01-01
Roxby Downs (M),4,2021-12-31
Roxby Downs (M),3,2021-12-30
Roxby Downs (M),1,2021-12-29
Roxby Downs (M),1,2021-12-28
Roxby Downs (M),0,2021-12-27
Roxby Downs (M),0,2021-12-26
Roxby Downs (M),0,2021-12-25
Roxby Downs (M),0,2021-12-24
Roxby Downs (M),0,2021-12-23
Roxby Downs (M),0,2021-12-22
Roxby Downs (M),0,2021-12-21
Roxby Downs (M),0,2021-12-20
Goyder (DC),15,2022-01-06
Goyder (DC),15,2022-01-05
Goyder (DC),10,2022-01-04
Goyder (DC),7,2022-01-03
Goyder (DC),5,2022-01-02
Goyder (DC),5,2022-01-01
Goyder (DC),4,2021-12-31
Goyder (DC),2,2021-12-30
Goyder (DC),2,2021-12-29
Goyder (DC),2,2021-12-28
Goyder (DC),2,2021-12-27
Goyder (DC),2,2021-12-26
Goyder (DC),1,2021-12-25
Goyder (DC),1,2021-12-24
Goyder (DC),0,2021-12-23
Goyder (DC),0,2021-12-22
Goyder (DC),0,2021-12-21
Goyder (DC),0,2021-12-20
Elliston (DC),6,2022-01-06
Elliston (DC),6,2022-01-05
Elliston (DC),5,2022-01-04
Elliston (DC),3,2022-01-03
Elliston (DC),3,2022-01-02
Elliston (DC),1,2022-01-01
Elliston (DC),0,2021-12-31
Elliston (DC),0,2021-12-30
Elliston (DC),0,2021-12-29
Elliston (DC),0,2021-12-28
Elliston (DC),0,2021-12-27
Elliston (DC),0,2021-12-26
Elliston (DC),0,2021-12-25
Elliston (DC),0,2021-12-24
Elliston (DC),0,2021-12-23
Elliston (DC),0,2021-12-22
Elliston (DC),0,2021-12-21
Elliston (DC),0,2021-12-20
Barunga West (DC),5,2022-01-06
Barunga West (DC),5,2022-01-05
Barunga West (DC),4,2022-01-04
Barunga West (DC),3,2022-01-03
Barunga West (DC),3,2022-01-02
Barunga West (DC),3,2022-01-01
Barunga West (DC),3,2021-12-31
Barunga West (DC),2,2021-12-30
Barunga West (DC),2,2021-12-29
Barunga West (DC),2,2021-12-28
Barunga West (DC),2,2021-12-27
Barunga West (DC),2,2021-12-26
Barunga West (DC),2,2021-12-25
Barunga West (DC),2,2021-12-24
Barunga West (DC),1,2021-12-23
Barunga West (DC),1,2021-12-22
Barunga West (DC),0,2021-12-21
Barunga West (DC),0,2021-12-20
Ceduna (DC),5,2022-01-06
Ceduna (DC),5,2022-01-05
Ceduna (DC),5,2022-01-04
Ceduna (DC),2,2022-01-03
Ceduna (DC),2,2022-01-02
Ceduna (DC),2,2022-01-01
Ceduna (DC),2,2021-12-31
Ceduna (DC),0,2021-12-30
Ceduna (DC),0,2021-12-29
Ceduna (DC),0,2021-12-28
Ceduna (DC),0,2021-12-27
Ceduna (DC),0,2021-12-26
Ceduna (DC),0,2021-12-25
Ceduna (DC),0,2021-12-24
Ceduna (DC),0,2021-12-23
Ceduna (DC),0,2021-12-22
Ceduna (DC),0,2021-12-21
Ceduna (DC),0,2021-12-20
Mount Remarkable (DC),5,2022-01-06
Mount Remarkable (DC),5,2022-01-05
Mount Remarkable (DC),5,2022-01-04
Mount Remarkable (DC),5,2022-01-03
Mount Remarkable (DC),3,2022-01-02
Mount Remarkable (DC),3,2022-01-01
Mount Remarkable (DC),3,2021-12-31
Mount Remarkable (DC),1,2021-12-30
Mount Remarkable (DC),1,2021-12-29
Mount Remarkable (DC),1,2021-12-28
Mount Remarkable (DC),1,2021-12-27
Mount Remarkable (DC),0,2021-12-26
Mount Remarkable (DC),0,2021-12-25
Mount Remarkable (DC),0,2021-12-24
Mount Remarkable (DC),0,2021-12-23
Mount Remarkable (DC),0,2021-12-22
Mount Remarkable (DC),0,2021-12-21
Mount Remarkable (DC),0,2021-12-20
Franklin Harbour (DC),4,2022-01-06
Franklin Harbour (DC),4,2022-01-05
Franklin Harbour (DC),3,2022-01-04
Franklin Harbour (DC),2,2022-01-03
Franklin Harbour (DC),1,2022-01-02
Franklin Harbour (DC),1,2022-01-01
Franklin Harbour (DC),0,2021-12-31
Franklin Harbour (DC),0,2021-12-30
Franklin Harbour (DC),0,2021-12-29
Franklin Harbour (DC),0,2021-12-28
Franklin Harbour (DC),0,2021-12-27
Franklin Harbour (DC),0,2021-12-26
Franklin Harbour (DC),0,2021-12-25
Franklin Harbour (DC),0,2021-12-24
Franklin Harbour (DC),0,2021-12-23
Franklin Harbour (DC),0,2021-12-22
Franklin Harbour (DC),0,2021-12-21
Franklin Harbour (DC),0,2021-12-20
Peterborough (DC),4,2022-01-06
Peterborough (DC),4,2022-01-05
Peterborough (DC),1,2022-01-04
Peterborough (DC),0,2022-01-03
Peterborough (DC),0,2022-01-02
Peterborough (DC),0,2022-01-01
Peterborough (DC),0,2021-12-31
Peterborough (DC),0,2021-12-30
Peterborough (DC),0,2021-12-29
Peterborough (DC),0,2021-12-28
Peterborough (DC),0,2021-12-27
Peterborough (DC),0,2021-12-26
Peterborough (DC),0,2021-12-25
Peterborough (DC),0,2021-12-24
Peterborough (DC),0,2021-12-23
Peterborough (DC),0,2021-12-22
Peterborough (DC),0,2021-12-21
Peterborough (DC),0,2021-12-20
Cleve (DC),3,2022-01-06
Cleve (DC),3,2022-01-05
Cleve (DC),3,2022-01-04
Cleve (DC),2,2022-01-03
Cleve (DC),2,2022-01-02
Cleve (DC),2,2022-01-01
Cleve (DC),2,2021-12-31
Cleve (DC),2,2021-12-30
Cleve (DC),2,2021-12-29
Cleve (DC),2,2021-12-28
Cleve (DC),2,2021-12-27
Cleve (DC),2,2021-12-26
Cleve (DC),2,2021-12-25
Cleve (DC),2,2021-12-24
Cleve (DC),2,2021-12-23
Cleve (DC),1,2021-12-22
Cleve (DC),0,2021-12-21
Cleve (DC),0,2021-12-20
Karoonda East Murray (DC),1,2022-01-06
Karoonda East Murray (DC),1,2022-01-05
Karoonda East Murray (DC),1,2022-01-04
Karoonda East Murray (DC),1,2022-01-03
Karoonda East Murray (DC),1,2022-01-02
Karoonda East Murray (DC),1,2022-01-01
Karoonda East Murray (DC),1,2021-12-31
Karoonda East Murray (DC),1,2021-12-30
Karoonda East Murray (DC),1,2021-12-29
Karoonda East Murray (DC),1,2021-12-28
Karoonda East Murray (DC),1,2021-12-27
Karoonda East Murray (DC),1,2021-12-26
Karoonda East Murray (DC),1,2021-12-25
Karoonda East Murray (DC),1,2021-12-24
Karoonda East Murray (DC),0,2021-12-23
Karoonda East Murray (DC),0,2021-12-22
Karoonda East Murray (DC),0,2021-12-21
Karoonda East Murray (DC),0,2021-12-20
Adelaide Plains (DC),0,2022-01-06
Adelaide Plains (DC),0,2022-01-05
Adelaide Plains (DC),0,2022-01-04
Adelaide Plains (DC),0,2022-01-03
Adelaide Plains (DC),0,2022-01-02
Adelaide Plains (DC),0,2022-01-01
Adelaide Plains (DC),0,2021-12-31
Adelaide Plains (DC),0,2021-12-30
Adelaide Plains (DC),0,2021-12-29
Adelaide Plains (DC),0,2021-12-28
Adelaide Plains (DC),0,2021-12-27
Adelaide Plains (DC),0,2021-12-26
Adelaide Plains (DC),0,2021-12-25
Adelaide Plains (DC),0,2021-12-24
Adelaide Plains (DC),0,2021-12-23
Adelaide Plains (DC),0,2021-12-22
Adelaide Plains (DC),0,2021-12-21
Adelaide Plains (DC),0,2021-12-20
Anangu Pitjantjatjara (AC),0,2022-01-06
Anangu Pitjantjatjara (AC),0,2022-01-05
Anangu Pitjantjatjara (AC),0,2022-01-04
Anangu Pitjantjatjara (AC),0,2022-01-03
Anangu Pitjantjatjara (AC),0,2022-01-02
Anangu Pitjantjatjara (AC),0,2022-01-01
Anangu Pitjantjatjara (AC),0,2021-12-31
Anangu Pitjantjatjara (AC),0,2021-12-30
Anangu Pitjantjatjara (AC),0,2021-12-29
Anangu Pitjantjatjara (AC),0,2021-12-28
Anangu Pitjantjatjara (AC),0,2021-12-27
Anangu Pitjantjatjara (AC),0,2021-12-26
Anangu Pitjantjatjara (AC),0,2021-12-25
Anangu Pitjantjatjara (AC),0,2021-12-24
Anangu Pitjantjatjara (AC),0,2021-12-23
Anangu Pitjantjatjara (AC),0,2021-12-22
Anangu Pitjantjatjara (AC),0,2021-12-21
Anangu Pitjantjatjara (AC),0,2021-12-20
Berri and Barmera (DC),0,2022-01-06
Berri and Barmera (DC),0,2022-01-05
Berri and Barmera (DC),0,2022-01-04
Berri and Barmera (DC),0,2022-01-03
Berri and Barmera (DC),0,2022-01-02
Berri and Barmera (DC),0,2022-01-01
Berri and Barmera (DC),0,2021-12-31
Berri and Barmera (DC),0,2021-12-30
Berri and Barmera (DC),0,2021-12-29
Berri and Barmera (DC),0,2021-12-28
Berri and Barmera (DC),0,2021-12-27
Berri and Barmera (DC),0,2021-12-26
Berri and Barmera (DC),0,2021-12-25
Berri and Barmera (DC),0,2021-12-24
Berri and Barmera (DC),0,2021-12-23
Berri and Barmera (DC),0,2021-12-22
Berri and Barmera (DC),0,2021-12-21
Berri and Barmera (DC),0,2021-12-20
Flinders Ranges (DC),0,2022-01-06
Flinders Ranges (DC),0,2022-01-05
Flinders Ranges (DC),0,2022-01-04
Flinders Ranges (DC),0,2022-01-03
Flinders Ranges (DC),0,2022-01-02
Flinders Ranges (DC),0,2022-01-01
Flinders Ranges (DC),0,2021-12-31
Flinders Ranges (DC),0,2021-12-30
Flinders Ranges (DC),0,2021-12-29
Flinders Ranges (DC),0,2021-12-28
Flinders Ranges (DC),0,2021-12-27
Flinders Ranges (DC),0,2021-12-26
Flinders Ranges (DC),0,2021-12-25
Flinders Ranges (DC),0,2021-12-24
Flinders Ranges (DC),0,2021-12-23
Flinders Ranges (DC),0,2021-12-22
Flinders Ranges (DC),0,2021-12-21
Flinders Ranges (DC),0,2021-12-20
Maralinga Tjarutja (AC),0,2022-01-06
Maralinga Tjarutja (AC),0,2022-01-05
Maralinga Tjarutja (AC),0,2022-01-04
Maralinga Tjarutja (AC),0,2022-01-03
Maralinga Tjarutja (AC),0,2022-01-02
Maralinga Tjarutja (AC),0,2022-01-01
Maralinga Tjarutja (AC),0,2021-12-31
Maralinga Tjarutja (AC),0,2021-12-30
Maralinga Tjarutja (AC),0,2021-12-29
Maralinga Tjarutja (AC),0,2021-12-28
Maralinga Tjarutja (AC),0,2021-12-27
Maralinga Tjarutja (AC),0,2021-12-26
Maralinga Tjarutja (AC),0,2021-12-25
Maralinga Tjarutja (AC),0,2021-12-24
Maralinga Tjarutja (AC),0,2021-12-23
Maralinga Tjarutja (AC),0,2021-12-22
Maralinga Tjarutja (AC),0,2021-12-21
Maralinga Tjarutja (AC),0,2021-12-20
